X,Y,OBJECTID,fid,word,country_predicted,file_name,admin1,lat,lon,country_code3,geonameid,place_name,feature_class,feature_code,icon_url
21.09375,7.18810000000002,"1",1,AFRICA,NA,Mercenary_Yair_Klein_Possibly_,NA,"7.1881","21.09375",NA,"6255146",Africa,L,CONT,./0.png
-72.5856,11.1597,"2",2,ALBANIA,COL,EUM_Certification_for_the_Colo,La Guajira,"11.1597","-72.5856",COL,"9179910",Albania,A,ADM2,./0.png
-100.54688,46.07323,"3",3,AMERICA,NA,Colombia_Scene_Setter_for_Vis,NA,"46.07323","-100.54688",NA,"6255149",North America,L,CONT,./0.png
-75.89905,5.66973999999999,"4",4,ANDES,COL,Ambassador_Meets_with_Defense_,Antioquia,"5.66974","-75.89905",COL,"3689900",Andes,A,ADM2,./0.png
-75.68111,4.53388999999999,"5",5,ARMENIA,COL,Colombia_Scene_Setter_for_Vis,Quindío,"4.53389","-75.68111",COL,"3689560",Armenia,P,PPLA,./0.png
-73.85472,7.06527999999997,"6",6,BARRANCABERMEJA,COL,"Massacres_in_Barrancabermeja,_",Santander,"7.06528","-73.85472",COL,"3689169",Barrancabermeja,P,PPLA2,./0.png
-74.78132,10.96854,"7",7,BARRANQUILLA,COL,"12_August_1999,_Colombia_Kidna",Atlántico,"10.96854","-74.78132",COL,"3689147",Barranquilla,P,PPLA,./0.png
-74.78132,10.96854,"8",8,BARRANQUILLA,COL,High-Profile_Peace_Activist_Gu,Atlántico,"10.96854","-74.78132",COL,"3689147",Barranquilla,P,PPLA,./0.png
-74.78132,10.96854,"9",9,BARRANQUILLA,COL,Political_Violence_in_Bolívar_,Atlántico,"10.96854","-74.78132",COL,"3689147",Barranquilla,P,PPLA,./0.png
-74.08175,4.60971000000001,"10",10,BOGOTA,COL,"12_August_1999,_Colombia_Kidna",Bogota D.C.,"4.60971","-74.08175",COL,"3688689",Bogotá,P,PPLC,./0.png
-74.08175,4.60971000000001,"11",11,BOGOTA,COL,79_-_711_FARC_Offensive_Fail,Bogota D.C.,"4.60971","-74.08175",COL,"3688689",Bogotá,P,PPLC,./0.png
-74.08175,4.60971000000001,"12",12,BOGOTA,COL,Ambassador_Delivers_Segovia_Ma,Bogota D.C.,"4.60971","-74.08175",COL,"3688689",Bogotá,P,PPLC,./0.png
-74.08175,4.60971000000001,"13",13,BOGOTA,COL,AMCITS_[Excised]_Kidnapped_in,Bogota D.C.,"4.60971","-74.08175",COL,"3688689",Bogotá,P,PPLC,./0.png
-74.08175,4.60971000000001,"14",14,BOGOTA,COL,Amnesty_International_Says_Sit,Bogota D.C.,"4.60971","-74.08175",COL,"3688689",Bogotá,P,PPLC,./0.png
-74.08175,4.60971000000001,"15",15,BOGOTA,COL,Army_Officer_Convicted_in_Sego,Bogota D.C.,"4.60971","-74.08175",COL,"3688689",Bogotá,P,PPLC,./0.png
-74.08175,4.60971000000001,"16",16,BOGOTA,COL,AS_Beers_Meets_with_MOD_and_A,Bogota D.C.,"4.60971","-74.08175",COL,"3688689",Bogotá,P,PPLC,./0.png
-74.08175,4.60971000000001,"17",17,BOGOTA,COL,AS_Koh_and_Oil_Company_Execs.,Bogota D.C.,"4.60971","-74.08175",COL,"3688689",Bogotá,P,PPLC,./0.png
-74.08175,4.60971000000001,"18",18,BOGOTA,COL,Colombia_Scene_Setter_for_Vis,Bogota D.C.,"4.60971","-74.08175",COL,"3688689",Bogotá,P,PPLC,./0.png
-74.08175,4.60971000000001,"19",19,BOGOTA,COL,Colombia_Set_for_April_20_Peac,Bogota D.C.,"4.60971","-74.08175",COL,"3688689",Bogotá,P,PPLC,./0.png
-74.08175,4.60971000000001,"20",20,BOGOTA,COL,Ex-commander_of_20th_Intel._Br,Bogota D.C.,"4.60971","-74.08175",COL,"3688689",Bogotá,P,PPLC,./0.png
-74.08175,4.60971000000001,"21",21,BOGOTA,COL,Ex-peace_Commissioner_Assassin,Bogota D.C.,"4.60971","-74.08175",COL,"3688689",Bogotá,P,PPLC,./0.png
-74.08175,4.60971000000001,"22",22,BOGOTA,COL,High-Profile_Peace_Activist_Gu,Bogota D.C.,"4.60971","-74.08175",COL,"3688689",Bogotá,P,PPLC,./0.png
-74.08175,4.60971000000001,"23",23,BOGOTA,COL,Human_Rights_NGO_CINEP--First_,Bogota D.C.,"4.60971","-74.08175",COL,"3688689",Bogotá,P,PPLC,./0.png
-74.08175,4.60971000000001,"24",24,BOGOTA,COL,Labor_Leader_and_Notorious_Col,Bogota D.C.,"4.60971","-74.08175",COL,"3688689",Bogotá,P,PPLC,./0.png
-74.08175,4.60971000000001,"25",25,BOGOTA,COL,"Massacres_in_Barrancabermeja,_",Bogota D.C.,"4.60971","-74.08175",COL,"3688689",Bogotá,P,PPLC,./0.png
-74.08175,4.60971000000001,"26",26,BOGOTA,COL,Meeting_with_Attorney_General_,Bogota D.C.,"4.60971","-74.08175",COL,"3688689",Bogotá,P,PPLC,./0.png
-74.08175,4.60971000000001,"27",27,BOGOTA,COL,Mercenary_Yair_Klein_Possibly_,Bogota D.C.,"4.60971","-74.08175",COL,"3688689",Bogotá,P,PPLC,./0.png
-74.08175,4.60971000000001,"28",28,BOGOTA,COL,MOD_Discharges_Two_Sergeants_f,Bogota D.C.,"4.60971","-74.08175",COL,"3688689",Bogotá,P,PPLC,./0.png
-74.08175,4.60971000000001,"29",29,BOGOTA,COL,ONDCP_Director's_Visit_to_Colo,Bogota D.C.,"4.60971","-74.08175",COL,"3688689",Bogotá,P,PPLC,./0.png
-74.08175,4.60971000000001,"30",30,BOGOTA,COL,Political_Violence_in_Bolívar_,Bogota D.C.,"4.60971","-74.08175",COL,"3688689",Bogotá,P,PPLC,./0.png
-74.08175,4.60971000000001,"31",31,BOGOTA,COL,Post's_UpdatesSuggested_Chang,Bogota D.C.,"4.60971","-74.08175",COL,"3688689",Bogotá,P,PPLC,./0.png
-74.08175,4.60971000000001,"32",32,BOGOTA,COL,Private_CODEL_Meets_with_FARC_,Bogota D.C.,"4.60971","-74.08175",COL,"3688689",Bogotá,P,PPLC,./0.png
-74.08175,4.60971000000001,"33",33,BOGOTA,COL,Qrlos_[sic]_Castaño_Q_Peace_Co,Bogota D.C.,"4.60971","-74.08175",COL,"3688689",Bogotá,P,PPLC,./0.png
-74.08175,4.60971000000001,"34",34,BOGOTA,COL,Terrorism_Possible_Threat_to_,Bogota D.C.,"4.60971","-74.08175",COL,"3688689",Bogotá,P,PPLC,./0.png
-74.08175,4.60971000000001,"35",35,BOGOTA,COL,Triple_U.S._Citizen_Killings_P,Bogota D.C.,"4.60971","-74.08175",COL,"3688689",Bogotá,P,PPLC,./0.png
-74.08175,4.60971000000001,"36",36,BOGOTA,COL,Update_on_the_Kidnapping_of_Am,Bogota D.C.,"4.60971","-74.08175",COL,"3688689",Bogotá,P,PPLC,./0.png
-74.08175,4.60971000000001,"37",37,BOGOTA,COL,Visit_of_the_Strategy_Subgroup,Bogota D.C.,"4.60971","-74.08175",COL,"3688689",Bogotá,P,PPLC,./0.png
-74.08175,4.60971000000001,"38",38,BOGOTA,COL,[Excised]_Mapiripán_Massacre_[,Bogota D.C.,"4.60971","-74.08175",COL,"3688689",Bogotá,P,PPLC,./0.png
-77.03545,3.86425000000003,"39",39,BUENAVENTURA,COL,Paramilitary_Assaults_on_Guerr,Valle del Cauca,"3.86425","-77.03545",COL,"9172370",Buenaventura,A,ADM2,./0.png
-76.5225,3.43722000000002,"40",40,CALI,COL,"12_August_1999,_Colombia_Kidna",Valle del Cauca,"3.43722","-76.5225",COL,"3687925",Cali,P,PPLA,./0.png
-76.5225,3.43722000000002,"41",41,CALI,COL,AMCITS_[Excised]_Kidnapped_in,Valle del Cauca,"3.43722","-76.5225",COL,"3687925",Cali,P,PPLA,./0.png
-76.5225,3.43722000000002,"42",42,CALI,COL,ELN_Stages_Mass_Kidnapping_o,Valle del Cauca,"3.43722","-76.5225",COL,"3687925",Cali,P,PPLA,./0.png
-76.5225,3.43722000000002,"43",43,CALI,COL,Ex-peace_Commissioner_Assassin,Valle del Cauca,"3.43722","-76.5225",COL,"3687925",Cali,P,PPLA,./0.png
-76.5225,3.43722000000002,"44",44,CALI,COL,General_Tapias_Briefs_Congress,Valle del Cauca,"3.43722","-76.5225",COL,"3687925",Cali,P,PPLA,./0.png
-76.5225,3.43722000000002,"45",45,CALI,COL,High-Profile_Peace_Activist_Gu,Valle del Cauca,"3.43722","-76.5225",COL,"3687925",Cali,P,PPLA,./0.png
-76.5225,3.43722000000002,"46",46,CALI,COL,Labor_Leader_and_Notorious_Col,Valle del Cauca,"3.43722","-76.5225",COL,"3687925",Cali,P,PPLA,./0.png
-76.5225,3.43722000000002,"47",47,CALI,COL,Major_Paramilitary_Offensive_L,Valle del Cauca,"3.43722","-76.5225",COL,"3687925",Cali,P,PPLA,./0.png
-76.5225,3.43722000000002,"48",48,CALI,COL,"Massacres_in_Barrancabermeja,_",Valle del Cauca,"3.43722","-76.5225",COL,"3687925",Cali,P,PPLA,./0.png
-76.5225,3.43722000000002,"49",49,CALI,COL,Narcotics_in_a_Colombian_Para,Valle del Cauca,"3.43722","-76.5225",COL,"3687925",Cali,P,PPLA,./0.png
-76.5225,3.43722000000002,"50",50,CALI,COL,Paramilitary_Assaults_on_Guerr,Valle del Cauca,"3.43722","-76.5225",COL,"3687925",Cali,P,PPLA,./0.png
-76.5225,3.43722000000002,"51",51,CALI,COL,Pastrana_Returns_to_Condemn_Ca,Valle del Cauca,"3.43722","-76.5225",COL,"3687925",Cali,P,PPLA,./0.png
-76.5225,3.43722000000002,"52",52,CALI,COL,Post's_UpdatesSuggested_Chang,Valle del Cauca,"3.43722","-76.5225",COL,"3687925",Cali,P,PPLA,./0.png
-113.64258,60.10867,"53",53,CANADA,CAN,ELN_Stages_Mass_Kidnapping_o,NA,"60.10867","-113.64258",CAN,"6251999",Canada,A,PCLI,./0.png
-113.64258,60.10867,"54",54,CANADA,CAN,Pastrana_Returns_to_Condemn_Ca,NA,"60.10867","-113.64258",CAN,"6251999",Canada,A,PCLI,./0.png
-66.87919,10.48801,"55",55,CARACAS,VEN,Ex-peace_Commissioner_Assassin,Capital,"10.48801","-66.87919",VEN,"3646738",Caracas,P,PPLC,./0.png
-66.87919,10.48801,"56",56,CARACAS,VEN,Possible_Release_on_or_after_8,Capital,"10.48801","-66.87919",VEN,"3646738",Caracas,P,PPLC,./0.png
-75.51444,10.39972,"57",57,CARTAGENA,COL,Ex-peace_Commissioner_Assassin,Bolívar,"10.39972","-75.51444",COL,"3687238",Cartagena,P,PPLA,./0.png
-75.51444,10.39972,"58",58,CARTAGENA,COL,Political_Violence_in_Bolívar_,Bolívar,"10.39972","-75.51444",COL,"3687238",Cartagena,P,PPLA,./0.png
-76.5,3.75,"59",59,CAUCA,COL,Narcotics_in_a_Colombian_Para,Valle del Cauca,"3.75","-76.5",COL,"3666313",Departamento del Valle del Cauca,A,ADM1,./0.png
-71,-30,"60",60,CHILE,CHL,"12_August_1999,_Colombia_Kidna",NA,"-30","-71",CHL,"3895114",Republic of Chile,A,PCLI,./0.png
-71,-30,"61",61,CHILE,CHL,Colombia_Scene_Setter_for_Vis,NA,"-30","-71",CHL,"3895114",Republic of Chile,A,PCLI,./0.png
-72.66648,41.66704,"62",63,CONNECTICUT,USA,Ambassador_Meets_with_Defense_,Connecticut,"41.66704","-72.66648",USA,"4831725",Connecticut,A,ADM1,./0.png
-64,-32,"63",64,CORDOBA,ARG,FARC_Ambush_Leaves_Heavy_Colom,Cordoba Province,"-32","-64",ARG,"3860255",Córdoba Province,A,ADM1,./0.png
-64,-32,"64",65,CORDOBA,ARG,Narcotics_in_a_Colombian_Para,Cordoba Province,"-32","-64",ARG,"3860255",Córdoba Province,A,ADM1,./0.png
-79.5,22.0,"65",68,CUBA,CUB,AS_Koh_Meeting_with_President,NA,"22","-79.5",CUB,"3562981",Republic of Cuba,A,PCLI,./0.png
-79.5,22.0,"66",69,CUBA,CUB,Tirofijo_a_No-Show_at_Openin,NA,"22","-79.5",CUB,"3562981",Republic of Cuba,A,PCLI,./0.png
-78.25,-1.25,"67",72,ECUADOR,ECU,"12_August_1999,_Colombia_Kidna",NA,"-1.25","-78.25",ECU,"3658394",Republic of Ecuador,A,PCLI,./0.png
-78.25,-1.25,"68",73,ECUADOR,ECU,AS_Koh_and_Oil_Company_Execs.,NA,"-1.25","-78.25",ECU,"3658394",Republic of Ecuador,A,PCLI,./0.png
-78.25,-1.25,"69",74,ECUADOR,ECU,Colombia's_Putumayo_A_Coca_Ec,NA,"-1.25","-78.25",ECU,"3658394",Republic of Ecuador,A,PCLI,./0.png
-78.25,-1.25,"70",75,ECUADOR,ECU,Colombian_Army_24th_Brigade_[E,NA,"-1.25","-78.25",ECU,"3658394",Republic of Ecuador,A,PCLI,./0.png
-78.25,-1.25,"71",76,ECUADOR,ECU,General_Tapias_Briefs_Congress,NA,"-1.25","-78.25",ECU,"3658394",Republic of Ecuador,A,PCLI,./0.png
-78.25,-1.25,"72",77,ECUADOR,ECU,Major_Paramilitary_Offensive_L,NA,"-1.25","-78.25",ECU,"3658394",Republic of Ecuador,A,PCLI,./0.png
-99.135,16.68417,"73",78,EL POZO DEL CHORRO,MEX,EUM_Certification_for_the_Colo,Guerrero,"16.68417","-99.135",MEX,"8869682",Charco del Pozo,P,PPL,./0.png
-88.91667,13.83333,"74",79,EL SALVADOR,SLV,Ex-peace_Commissioner_Assassin,NA,"13.83333","-88.91667",SLV,"3585968",Republic of El Salvador,A,PCLI,./0.png
-0.70312,52.16045,"75",80,ENGLAND,GBR,AS_Koh_and_Oil_Company_Execs.,England,"52.16045","-0.70312",GBR,"6269131",England,A,ADM1,./0.png
9.14062000000001,48.69096,"76",81,EUROPE,NA,Human_Rights_NGO_CINEP--First_,NA,"48.69096","9.14062",NA,"6255148",Europe,L,CONT,./0.png
6.11043999999998,46.19673,"77",82,GENEVA,CHE,AS_Koh_Meeting_with_President,Geneva,"46.19673","6.11044",CHE,"2660645",Genève,A,ADM1,./0.png
-90.25,15.5,"78",85,GUATEMALA,GTM,Ex-peace_Commissioner_Assassin,NA,"15.5","-90.25",GTM,"3595528",Republic of Guatemala,A,PCLI,./0.png
35.0,31.75,"79",87,JERUSALEM,ISR,Mercenary_Yair_Klein_Possibly_,Jerusalem,"31.75","35",ISR,"293198",Jerusalem,A,ADM1,./0.png
35.0,31.75,"80",88,JERUSALEM,ISR,Puerto_Inirida_Latest_FARC_Of,Jerusalem,"31.75","35",ISR,"293198",Jerusalem,A,ADM1,./0.png
-72.07462,2.55367999999999,"81",89,JOSE DEL GUAVIARE,COL,Update_on_the_Mapiripán_Massac,Guaviare,"2.55368","-72.07462",COL,"6851384",San José del Guaviare,A,ADM2,./0.png
20.91667,42.58333,"82",91,KOSOVO,XKX,AS_Koh's_Meeting_with_Colombi,NA,"42.58333","20.91667",XKX,"831053",Republic of Kosovo,A,PCLI,./0.png
-72.91086,9.00092000000001,"83",92,LA GABARRA,COL,"Massacres_in_Barrancabermeja,_",Norte de Santander,"9.00092","-72.91086",COL,"3738270",La Gabarra,P,PPL,./0.png
-89.6447,16.41247,"84",93,LA MACHACA,GTM,Private_CODEL_Meets_with_FARC_,Petén,"16.41247","-89.6447",GTM,"12104091",Machaca Uno,P,PPL,./0.png
-74.51528,4.10682000000003,"85",94,LA URIBE,COL,Ex-peace_Commissioner_Assassin,Tolima,"4.10682","-74.51528",COL,"8581115",Vereda La Uribe,L,LCTY,./0.png
-0.30864,51.49227,"86",98,LONDON,GBR,Amnesty_International_Says_Sit,England,"51.49227","-0.30864",GBR,"11591955",London,L,RGN,./0.png
-0.30864,51.49227,"87",99,LONDON,GBR,AS_Koh_and_Oil_Company_Execs.,England,"51.49227","-0.30864",GBR,"11591955",London,L,RGN,./0.png
-0.30864,51.49227,"88",100,LONDON,GBR,Post's_UpdatesSuggested_Chang,England,"51.49227","-0.30864",GBR,"11591955",London,L,RGN,./0.png
-71.10832,42.36565,"89",101,MASSACHUSETTS,USA,Private_CODEL_Meets_with_FARC_,Massachusetts,"42.36565","-71.10832",USA,"6254926",Massachusetts,A,ADM1,./0.png
-75.58333,6.25,"90",102,MEDELLIN,COL,Amnesty_International_Says_Sit,Antioquia,"6.25","-75.58333",COL,"3674954",Medellín,A,ADM2,./0.png
-75.58333,6.25,"91",103,MEDELLIN,COL,Army_Officer_Convicted_in_Sego,Antioquia,"6.25","-75.58333",COL,"3674954",Medellín,A,ADM2,./0.png
-75.58333,6.25,"92",104,MEDELLIN,COL,AS_Koh's_Meeting_with_Colombi,Antioquia,"6.25","-75.58333",COL,"3674954",Medellín,A,ADM2,./0.png
-75.58333,6.25,"93",105,MEDELLIN,COL,AS_Koh_Meeting_with_President,Antioquia,"6.25","-75.58333",COL,"3674954",Medellín,A,ADM2,./0.png
-75.58333,6.25,"94",106,MEDELLIN,COL,Colombia_Scene_Setter_for_Vis,Antioquia,"6.25","-75.58333",COL,"3674954",Medellín,A,ADM2,./0.png
-75.58333,6.25,"95",107,MEDELLIN,COL,Ex-peace_Commissioner_Assassin,Antioquia,"6.25","-75.58333",COL,"3674954",Medellín,A,ADM2,./0.png
-75.58333,6.25,"96",108,MEDELLIN,COL,Human_Rights_NGO_CINEP--First_,Antioquia,"6.25","-75.58333",COL,"3674954",Medellín,A,ADM2,./0.png
-75.58333,6.25,"97",109,MEDELLIN,COL,Mercenary_Yair_Klein_Possibly_,Antioquia,"6.25","-75.58333",COL,"3674954",Medellín,A,ADM2,./0.png
-75.58333,6.25,"98",110,MEDELLIN,COL,Military_Justice_Round-Up,Antioquia,"6.25","-75.58333",COL,"3674954",Medellín,A,ADM2,./0.png
-75.58333,6.25,"99",111,MEDELLIN,COL,Paramilitary_Threat_against_Hu,Antioquia,"6.25","-75.58333",COL,"3674954",Medellín,A,ADM2,./0.png
-75.58333,6.25,"100",112,MEDELLIN,COL,Political_Violence_in_Bolívar_,Antioquia,"6.25","-75.58333",COL,"3674954",Medellín,A,ADM2,./0.png
-75.58333,6.25,"101",113,MEDELLIN,COL,Post's_UpdatesSuggested_Chang,Antioquia,"6.25","-75.58333",COL,"3674954",Medellín,A,ADM2,./0.png
-75.58333,6.25,"102",114,MEDELLIN,COL,The_FARC_Not_Very_Nice_People,Antioquia,"6.25","-75.58333",COL,"3674954",Medellín,A,ADM2,./0.png
-102,23,"103",116,MEXICO,MEX,AS_Koh_and_Oil_Company_Execs.,NA,"23","-102",MEX,"3996063",Mexico,A,PCLI,./0.png
-102,23,"104",117,MEXICO,MEX,Ex-peace_Commissioner_Assassin,NA,"23","-102",MEX,"3996063",Mexico,A,PCLI,./0.png
-102,23,"105",118,MEXICO,MEX,Private_CODEL_Meets_with_FARC_,NA,"23","-102",MEX,"3996063",Mexico,A,PCLI,./0.png
-102,23,"106",119,MEXICO,MEX,Senator_Dodd's_December_6-8_Vi,NA,"23","-102",MEX,"3996063",Mexico,A,PCLI,./0.png
-80.19366,25.77427,"107",120,MIAMI,USA,"12_August_1999,_Colombia_Kidna",Florida,"25.77427","-80.19366",USA,"4164138",Miami,P,PPLA2,./0.png
-80.19366,25.77427,"108",121,MIAMI,USA,AMCITS_[Excised]_Kidnapped_in,Florida,"25.77427","-80.19366",USA,"4164138",Miami,P,PPLA2,./0.png
-80.19366,25.77427,"109",122,MIAMI,USA,Colombia_Scene_Setter_for_Vis,Florida,"25.77427","-80.19366",USA,"4164138",Miami,P,PPLA2,./0.png
-80.19366,25.77427,"110",123,MIAMI,USA,Deputy_Army_Commander_Labels_S,Florida,"25.77427","-80.19366",USA,"4164138",Miami,P,PPLA2,./0.png
-80.19366,25.77427,"111",124,MIAMI,USA,Meeting_with_Attorney_General_,Florida,"25.77427","-80.19366",USA,"4164138",Miami,P,PPLA2,./0.png
-75.4202,7.97917000000001,"112",125,MONTELIBANO,COL,FARC_Ambush_Leaves_Heavy_Colom,Córdoba,"7.97917","-75.4202",COL,"3674470",Montelíbano,P,PPL,./0.png
37.61556,55.75222,"113",126,MOSCOW,RUS,Tirofijo_a_No-Show_at_Openin,Moscow,"55.75222","37.61556",RUS,"524901",Moscow,P,PPLC,./0.png
-73,8,"114",127,NORTE DE SANTANDER,COL,Paramilitary_Assaults_on_Guerr,Norte de Santander,"8","-73",COL,"3673798",Departamento de Norte de Santander,A,ADM1,./0.png
-73,8,"115",128,NORTE DE SANTANDER,COL,"Visit_to_Cúcuta,_on_Colombian-",Norte de Santander,"8","-73",COL,"3673798",Departamento de Norte de Santander,A,ADM1,./0.png
-123.90697,46.14265,"116",130,NORTH COAST,USA,Narcotics_in_a_Colombian_Para,Oregon,"46.14265","-123.90697",USA,"9671735",Oregon Youth Authority - North Coast Youth Correctional Facility,S,BLDG,./0.png
-123.90697,46.14265,"117",131,NORTH COAST,USA,Senator_Dodd's_December_6-8_Vi,Oregon,"46.14265","-123.90697",USA,"9671735",Oregon Youth Authority - North Coast Youth Correctional Facility,S,BLDG,./0.png
-81.37924,28.53834,"118",134,ORLANDO,USA,Narcotics_in_a_Colombian_Para,Florida,"28.53834","-81.37924",USA,"4167147",Orlando,P,PPLA2,./0.png
-75.69812,45.41117,"119",135,OTTAWA,CAN,AMCITS_[Excised]_Kidnapped_in,Ontario,"45.41117","-75.69812",CAN,"6094817",Ottawa,P,PPLC,./0.png
-76.22607,3.53969000000001,"120",138,PALMIRA,COL,Post's_UpdatesSuggested_Chang,Valle del Cauca,"3.53969","-76.22607",COL,"3673165",Palmira,A,ADM2,./0.png
-80,9,"121",139,PANAMA,PAN,"12_August_1999,_Colombia_Kidna",NA,"9","-80",PAN,"3703430",Republic of Panama,A,PCLI,./0.png
-80,9,"122",140,PANAMA,PAN,Colombian_Army_24th_Brigade_[E,NA,"9","-80",PAN,"3703430",Republic of Panama,A,PCLI,./0.png
-80,9,"123",141,PANAMA,PAN,Qrlos_[sic]_Castaño_Q_Peace_Co,NA,"9","-80",PAN,"3703430",Republic of Panama,A,PCLI,./0.png
-75.72222,4.76895999999999,"124",143,PEREIRA,COL,Post's_UpdatesSuggested_Chang,Risaralda,"4.76896","-75.72222",COL,"3672487",Pereira,A,ADM2,./0.png
-76.34227,0.46155,"125",155,PUERTO ASIS,COL,Colombia's_Putumayo_A_Coca_Ec,Putumayo,"0.46155","-76.34227",COL,"9172318",Puerto Asís,A,ADM2,./0.png
-76.34227,0.46155,"126",156,PUERTO ASIS,COL,Colombian_Army_24th_Brigade_[E,Putumayo,"0.46155","-76.34227",COL,"9172318",Puerto Asís,A,ADM2,./0.png
-75.03334,1.96778999999998,"127",157,PUERTO RICO,COL,The_FARC_Not_Very_Nice_People,Caquetá,"1.96779","-75.03334",COL,"6979259",Puerto Rico,A,ADM2,./0.png
-72.07462,2.55367999999999,"128",160,SAN JOSE DEL GUAVIARE,COL,79_-_711_FARC_Offensive_Fail,Guaviare,"2.55368","-72.07462",COL,"6851384",San José del Guaviare,A,ADM2,./0.png
-72.07462,2.55367999999999,"129",161,SAN JOSE DEL GUAVIARE,COL,Post's_UpdatesSuggested_Chang,Guaviare,"2.55368","-72.07462",COL,"6851384",San José del Guaviare,A,ADM2,./0.png
-72.07462,2.55367999999999,"130",162,SAN JOSE DEL GUAVIARE,COL,Update_on_the_Mapiripán_Massac,Guaviare,"2.55368","-72.07462",COL,"6851384",San José del Guaviare,A,ADM2,./0.png
-72.07462,2.55367999999999,"131",163,SAN JOSE DEL GUAVIARE,COL,[Excised]_Mapiripán_Massacre_[,Guaviare,"2.55368","-72.07462",COL,"6851384",San José del Guaviare,A,ADM2,./0.png
-77.02373,1.67020000000002,"132",164,SAN PABLO,COL,Major_Paramilitary_Offensive_L,Nariño,"1.6702","-77.02373",COL,"3669217",San Pablo,A,ADM2,./0.png
-77.02373,1.67020000000002,"133",165,SAN PABLO,COL,Paramilitary_Assaults_on_Guerr,Nariño,"1.6702","-77.02373",COL,"3669217",San Pablo,A,ADM2,./0.png
-74.76614,2.12171999999998,"134",166,SAN VICENTE DE CAGUAN,COL,Puerto_Inirida_Latest_FARC_Of,Caquetá,"2.12172","-74.76614",COL,"3668290",San Vicente del Caguán,P,PPLA2,./0.png
-74.51784,1.57799999999997,"135",167,SAN VICENTE DEL CAGUAN,COL,EUM_Certification_for_the_Colo,Caquetá,"1.578","-74.51784",COL,"3668291",San Vicente del Caguán,A,ADM2,./0.png
-74.51784,1.57799999999997,"136",168,SAN VICENTE DEL CAGUAN,COL,FARC_Abusing_Civilians_in_Des,Caquetá,"1.578","-74.51784",COL,"3668291",San Vicente del Caguán,A,ADM2,./0.png
-74.51784,1.57799999999997,"137",169,SAN VICENTE DEL CAGUAN,COL,Triple_U.S._Citizen_Killings_P,Caquetá,"1.578","-74.51784",COL,"3668291",San Vicente del Caguán,A,ADM2,./0.png
-4,40,"138",170,SPAIN,ESP,"12_August_1999,_Colombia_Kidna",NA,"40","-4",ESP,"2510769",Kingdom of Spain,A,PCLI,./0.png
-4,40,"139",171,SPAIN,ESP,Colombian_Peace_Talks_Deeper_,NA,"40","-4",ESP,"2510769",Kingdom of Spain,A,PCLI,./0.png
18.0,59.5,"140",172,STOCKHOLM,SWE,Colombian_Peace_Talks_Deeper_,Stockholm,"59.5","18",SWE,"2673722",Stockholm County,A,ADM1,./0.png
15,62,"141",173,SWEDEN,SWE,Colombian_Peace_Talks_Deeper_,NA,"62","15",SWE,"2661886",Kingdom of Sweden,A,PCLI,./0.png
8.01427000000001,47.00016,"142",174,SWITZERLAND,CHE,"12_August_1999,_Colombia_Kidna",NA,"47.00016","8.01427",CHE,"2658434",Switzerland,A,PCLI,./0.png
8.01427000000001,47.00016,"143",175,SWITZERLAND,CHE,Colombia_Scene_Setter_for_Vis,NA,"47.00016","8.01427",CHE,"2658434",Switzerland,A,PCLI,./0.png
-99.25061,31.25044,"144",176,TEXAS,USA,Ambassador_Meets_with_Defense_,Texas,"31.25044","-99.25061",USA,"4736286",Texas,A,ADM1,./0.png
-79.4163,43.70011,"145",178,TORONTO,CAN,Update_on_the_Kidnapping_of_Am,Ontario,"43.70011","-79.4163",CAN,"6167865",Toronto,P,PPLA,./0.png
-81.44122,41.10145,"146",179,TOWN SQUARE,USA,Colombian_Army_24th_Brigade_[E,Ohio,"41.10145","-81.44122",USA,"5173629",Tallmadge Town Square Historic District,L,PRK,./0.png
-64.98348,18.34829,"147",180,UNITED STATES,VIR,"12_August_1999,_Colombia_Kidna",NA,"18.34829","-64.98348",VIR,"4796775",Virgin Islands of the United States,A,PCLD,./0.png
-64.98348,18.34829,"148",181,UNITED STATES,VIR,"Carlos_Castaño_Tells_USG,_I_A",NA,"18.34829","-64.98348",VIR,"4796775",Virgin Islands of the United States,A,PCLD,./0.png
-64.98348,18.34829,"149",182,UNITED STATES,VIR,Colombia_Scene_Setter_for_Vis,NA,"18.34829","-64.98348",VIR,"4796775",Virgin Islands of the United States,A,PCLD,./0.png
-64.98348,18.34829,"150",183,UNITED STATES,VIR,Colombia_Set_for_April_20_Peac,NA,"18.34829","-64.98348",VIR,"4796775",Virgin Islands of the United States,A,PCLD,./0.png
-64.98348,18.34829,"151",184,UNITED STATES,VIR,Ex-commander_of_20th_Intel._Br,NA,"18.34829","-64.98348",VIR,"4796775",Virgin Islands of the United States,A,PCLD,./0.png
-64.98348,18.34829,"152",185,UNITED STATES,VIR,Ex-peace_Commissioner_Assassin,NA,"18.34829","-64.98348",VIR,"4796775",Virgin Islands of the United States,A,PCLD,./0.png
-64.98348,18.34829,"153",186,UNITED STATES,VIR,Human_Rights_NGO_CINEP--First_,NA,"18.34829","-64.98348",VIR,"4796775",Virgin Islands of the United States,A,PCLD,./0.png
-64.98348,18.34829,"154",187,UNITED STATES,VIR,Narcotics_in_a_Colombian_Para,NA,"18.34829","-64.98348",VIR,"4796775",Virgin Islands of the United States,A,PCLD,./0.png
-64.98348,18.34829,"155",188,UNITED STATES,VIR,ONDCP_Director's_Visit_to_Colo,NA,"18.34829","-64.98348",VIR,"4796775",Virgin Islands of the United States,A,PCLD,./0.png
-64.98348,18.34829,"156",189,UNITED STATES,VIR,Tirofijo_a_No-Show_at_Openin,NA,"18.34829","-64.98348",VIR,"4796775",Virgin Islands of the United States,A,PCLD,./0.png
-64.98348,18.34829,"157",190,UNITED STATES,VIR,Triple_U.S._Citizen_Killings_P,NA,"18.34829","-64.98348",VIR,"4796775",Virgin Islands of the United States,A,PCLD,./0.png
-64.98348,18.34829,"158",191,UNITED STATES’,VIR,Colombia_Scene_Setter_for_Vis,NA,"18.34829","-64.98348",VIR,"4796775",Virgin Islands of the United States,A,PCLD,./0.png
-76.31747,8.42291,"159",192,URABA,COL,Major_Paramilitary_Offensive_L,Antioquia,"8.42291","-76.31747",COL,"9172240",San Pedro de Uraba,A,ADM2,./0.png
15.2958,40.66415,"160",193,VALLE,ITA,Narcotics_in_a_Colombian_Para,Campania,"40.66415","15.2958",ITA,"8952764",Valle,P,PPL,./0.png
15.2958,40.66415,"161",194,VALLE,ITA,Pastrana_Returns_to_Condemn_Ca,Campania,"40.66415","15.2958",ITA,"8952764",Valle,P,PPL,./0.png
-71.33333,-32.75,"162",197,VALPARAISO,CHL,The_FARC_Not_Very_Nice_People,Valparaíso,"-32.75","-71.33333",CHL,"3868621",Región de Valparaíso,A,ADM1,./0.png
12.4533,41.90225,"163",198,VATICAN,VAT,Human_Rights_NGO_CINEP--First_,NA,"41.90225","12.4533",VAT,"3164670",State of the Vatican City,A,PCLI,./0.png
12.4533,41.90225,"164",199,VATICAN,VAT,Pastrana_Returns_to_Condemn_Ca,NA,"41.90225","12.4533",VAT,"3164670",State of the Vatican City,A,PCLI,./0.png
-66,8,"165",200,VENEZUELA,VEN,"12_August_1999,_Colombia_Kidna",NA,"8","-66",VEN,"3625428",Bolivarian Republic of Venezuela,A,PCLI,./0.png
-66,8,"166",201,VENEZUELA,VEN,Ex-commander_of_20th_Intel._Br,NA,"8","-66",VEN,"3625428",Bolivarian Republic of Venezuela,A,PCLI,./0.png
-66,8,"167",202,VENEZUELA,VEN,GOC_Relieves_Commanders_and_Se,NA,"8","-66",VEN,"3625428",Bolivarian Republic of Venezuela,A,PCLI,./0.png
-66,8,"168",203,VENEZUELA,VEN,"Massacres_in_Barrancabermeja,_",NA,"8","-66",VEN,"3625428",Bolivarian Republic of Venezuela,A,PCLI,./0.png
-66,8,"169",204,VENEZUELA,VEN,Narcotics_in_a_Colombian_Para,NA,"8","-66",VEN,"3625428",Bolivarian Republic of Venezuela,A,PCLI,./0.png
-66,8,"170",205,VENEZUELA,VEN,Paramilitaries_Massacre_As_Man,NA,"8","-66",VEN,"3625428",Bolivarian Republic of Venezuela,A,PCLI,./0.png
-66,8,"171",206,VENEZUELA,VEN,Private_CODEL_Meets_with_FARC_,NA,"8","-66",VEN,"3625428",Bolivarian Republic of Venezuela,A,PCLI,./0.png
-66,8,"172",207,VENEZUELA,VEN,Senator_Dodd's_December_6-8_Vi,NA,"8","-66",VEN,"3625428",Bolivarian Republic of Venezuela,A,PCLI,./0.png
-66,8,"173",208,VENEZUELA,VEN,Triple_U.S._Citizen_Killings_P,NA,"8","-66",VEN,"3625428",Bolivarian Republic of Venezuela,A,PCLI,./0.png
-66,8,"174",209,VENEZUELA,VEN,"Visit_to_Cúcuta,_on_Colombian-",NA,"8","-66",VEN,"3625428",Bolivarian Republic of Venezuela,A,PCLI,./0.png
-73.4915,4.07423999999997,"175",210,VILLAVICENCIO,COL,Brig._General_Uscátegui_Detain,Meta,"4.07424","-73.4915",COL,"3665901",Villavicencio,A,ADM2,./0.png
-73.4915,4.07423999999997,"176",211,VILLAVICENCIO,COL,Two_Colombian_Army_Generals_Re,Meta,"4.07424","-73.4915",COL,"3665901",Villavicencio,A,ADM2,./0.png
-120.50147,47.50012,"177",212,WASHINGTON,USA,Ambassador_Meets_with_Defense_,Washington,"47.50012","-120.50147",USA,"5815135",Washington,A,ADM1,./0.png
-120.50147,47.50012,"178",213,WASHINGTON,USA,AS_Beers_Meets_with_MOD_and_A,Washington,"47.50012","-120.50147",USA,"5815135",Washington,A,ADM1,./0.png
-120.50147,47.50012,"179",214,WASHINGTON,USA,AS_Koh_and_Defense_Minister_D,Washington,"47.50012","-120.50147",USA,"5815135",Washington,A,ADM1,./0.png
-120.50147,47.50012,"180",215,WASHINGTON,USA,Colombia_EUM_Feb._1999_MOD_Hu,Washington,"47.50012","-120.50147",USA,"5815135",Washington,A,ADM1,./0.png
-120.50147,47.50012,"181",216,WASHINGTON,USA,Colombia_Scene_Setter_for_Vis,Washington,"47.50012","-120.50147",USA,"5815135",Washington,A,ADM1,./0.png
-120.50147,47.50012,"182",217,WASHINGTON,USA,Deputy_Army_Commander_Labels_S,Washington,"47.50012","-120.50147",USA,"5815135",Washington,A,ADM1,./0.png
-120.50147,47.50012,"183",218,WASHINGTON,USA,EUM_Certification_for_the_Colo,Washington,"47.50012","-120.50147",USA,"5815135",Washington,A,ADM1,./0.png
-120.50147,47.50012,"184",219,WASHINGTON,USA,Ex-peace_Commissioner_Assassin,Washington,"47.50012","-120.50147",USA,"5815135",Washington,A,ADM1,./0.png
-120.50147,47.50012,"185",220,WASHINGTON,USA,Narcotics_in_a_Colombian_Para,Washington,"47.50012","-120.50147",USA,"5815135",Washington,A,ADM1,./0.png
-120.50147,47.50012,"186",221,WASHINGTON,USA,ONDCP_Director's_Visit_to_Colo,Washington,"47.50012","-120.50147",USA,"5815135",Washington,A,ADM1,./0.png
-120.50147,47.50012,"187",222,WASHINGTON,USA,Post's_UpdatesSuggested_Chang,Washington,"47.50012","-120.50147",USA,"5815135",Washington,A,ADM1,./0.png
-120.50147,47.50012,"188",223,WASHINGTON,USA,Private_CODEL_Meets_with_FARC_,Washington,"47.50012","-120.50147",USA,"5815135",Washington,A,ADM1,./0.png
-120.50147,47.50012,"189",224,WASHINGTON,USA,Visit_of_the_Strategy_Subgroup,Washington,"47.50012","-120.50147",USA,"5815135",Washington,A,ADM1,./0.png
-120.50147,47.50012,"190",225,WASHINGTON,USA,"VP_Bell_Receives_Ambassador,_D",Washington,"47.50012","-120.50147",USA,"5815135",Washington,A,ADM1,./0.png
-78.98935,38.11993,"191",226,WOODROW WILSON CENTER,USA,Ex-peace_Commissioner_Assassin,Virginia,"38.11993","-78.98935",USA,"4794592",Woodrow Wilson Rehabilitation Center,S,BLDG,./0.png
-1,41.58333,"192",227,ZARAGOZA,ESP,Major_Paramilitary_Offensive_L,Aragon,"41.58333","-1",ESP,"3104323",Provincia de Zaragoza,A,ADM2,./0.png
